{
  "eps_pixel": [
    0.00392156862745098,
    0.00784313725490196,
    0.01568627450980392
  ],
  "runs": {
    "E1": {
      "clean": 81.5,
      "fgsm_0.0039": 60.69,
      "fgsm_0.0078": 50.8,
      "fgsm_0.0157": 45.3
    },
    "E1_no_pmh": {
      "clean": 80.47,
      "fgsm_0.0039": 57.86,
      "fgsm_0.0078": 48.79,
      "fgsm_0.0157": 44.69
    }
  }
}