{
  "eps_pixel": [
    0.00392156862745098,
    0.00784313725490196,
    0.01568627450980392
  ],
  "runs": {
    "B0": {
      "clean": 70.38,
      "fgsm_0.0039": 47.29,
      "fgsm_0.0078": 45.41,
      "fgsm_0.0157": 44.5
    },
    "VAT": {
      "clean": 79.67,
      "fgsm_0.0039": 63.36,
      "fgsm_0.0078": 46.66,
      "fgsm_0.0157": 23.61
    },
    "E1_no_pmh": {
      "clean": 80.47,
      "fgsm_0.0039": 57.86,
      "fgsm_0.0078": 48.79,
      "fgsm_0.0157": 44.69
    },
    "E1": {
      "clean": 81.5,
      "fgsm_0.0039": 60.69,
      "fgsm_0.0078": 50.8,
      "fgsm_0.0157": 45.3
    }
  }
}
