{
  "noise_sigma": 0.08,
  "runs": {
    "B0": [
      1.8212074774962206,
      1.592105440604381,
      1.920745116013747,
      12.675719970311874
    ],
    "VAT": [
      1.6716314401382055,
      0.8169566377615317,
      0.7519323413188641,
      11.885895680158566
    ],
    "E1_no_pmh": [
      0.6647409536899664,
      0.42197315051005435,
      0.49797407938883853,
      3.281502576974722
    ],
    "E1": [
      0.6646221478780111,
      0.4218951219167465,
      0.4983785305267725,
      3.342470022348257
    ]
  }
}