{
  "B0": {
    "clean": {
      "rank1": 65.64726840855107,
      "mAP": 46.47335301872286,
      "rank5": 86.16389548693587,
      "rank10": 90.76603325415677,
      "embedding_mean": 0.0
    },
    "gaussian_0.05": {
      "rank1": 41.47862232779097,
      "mAP": 29.14644401212784,
      "rank5": 65.58788598574822,
      "rank10": 73.57482185273159,
      "embedding_mean": 0.523646891117096
    },
    "gaussian_0.10": {
      "rank1": 4.453681710213777,
      "mAP": 4.9852630667845785,
      "rank5": 12.856294536817103,
      "rank10": 18.942992874109265,
      "embedding_mean": 1.0103791952133179
    },
    "brightness_0.5": {
      "rank1": 33.788598574821854,
      "mAP": 23.6211766435219,
      "rank5": 55.70071258907363,
      "rank10": 64.81591448931117,
      "embedding_mean": 0.5795378684997559
    },
    "brightness_1.5": {
      "rank1": 46.97149643705463,
      "mAP": 32.646839770653386,
      "rank5": 70.07125890736341,
      "rank10": 77.73159144893111,
      "embedding_mean": 0.4215409457683563
    },
    "occlusion_0.2": {
      "rank1": 46.496437054631826,
      "mAP": 33.01727608291138,
      "rank5": 68.49762470308788,
      "rank10": 76.03919239904988,
      "embedding_mean": 0.4262343645095825
    },
    "contrast_0.8": {
      "rank1": 50.1187648456057,
      "mAP": 34.66640823806434,
      "rank5": 73.27790973871734,
      "rank10": 80.64133016627079,
      "embedding_mean": 0.34623685479164124
    },
    "contrast_1.2": {
      "rank1": 55.84916864608076,
      "mAP": 38.882260107995236,
      "rank5": 78.71140142517815,
      "rank10": 85.18408551068883,
      "embedding_mean": 0.3096943497657776
    },
    "blur_3": {
      "rank1": 64.99406175771972,
      "mAP": 45.97342858949103,
      "rank5": 86.28266033254157,
      "rank10": 90.6769596199525,
      "embedding_mean": 0.10755705833435059
    }
  },
  "VAT": {
    "clean": {
      "rank1": 71.16983372921615,
      "mAP": 50.516965907898395,
      "rank5": 89.01425178147268,
      "rank10": 92.75534441805226,
      "embedding_mean": 0.0
    },
    "gaussian_0.05": {
      "rank1": 70.1603325415677,
      "mAP": 49.85844168020487,
      "rank5": 88.47980997624703,
      "rank10": 92.16152019002375,
      "embedding_mean": 0.10937581211328506
    },
    "gaussian_0.10": {
      "rank1": 60.54038004750594,
      "mAP": 43.359143259243346,
      "rank5": 81.71021377672209,
      "rank10": 87.88598574821853,
      "embedding_mean": 0.3348592221736908
    },
    "brightness_0.5": {
      "rank1": 61.52019002375297,
      "mAP": 43.13108334535042,
      "rank5": 83.28384798099762,
      "rank10": 88.45011876484561,
      "embedding_mean": 0.298703670501709
    },
    "brightness_1.5": {
      "rank1": 65.82541567695962,
      "mAP": 46.5227836079985,
      "rank5": 84.44180522565321,
      "rank10": 89.72684085510689,
      "embedding_mean": 0.21568942070007324
    },
    "occlusion_0.2": {
      "rank1": 57.51187648456057,
      "mAP": 40.39275218853223,
      "rank5": 78.68171021377673,
      "rank10": 84.85748218527316,
      "embedding_mean": 0.349272221326828
    },
    "contrast_0.8": {
      "rank1": 69.44774346793349,
      "mAP": 49.1180058511759,
      "rank5": 87.79691211401425,
      "rank10": 91.95368171021377,
      "embedding_mean": 0.1151711642742157
    },
    "contrast_1.2": {
      "rank1": 70.69477434679335,
      "mAP": 49.97199654516125,
      "rank5": 88.77672209026129,
      "rank10": 92.3396674584323,
      "embedding_mean": 0.08829447627067566
    },
    "blur_3": {
      "rank1": 70.66508313539192,
      "mAP": 49.97815746494709,
      "rank5": 88.45011876484561,
      "rank10": 92.19121140142518,
      "embedding_mean": 0.07730868458747864
    }
  },
  "E1": {
    "clean": {
      "rank1": 67.8147268408551,
      "mAP": 48.36421329722034,
      "rank5": 86.69833729216153,
      "rank10": 91.12232779097387,
      "embedding_mean": 0.0
    },
    "gaussian_0.05": {
      "rank1": 67.13182897862232,
      "mAP": 47.63704846561095,
      "rank5": 85.86698337292161,
      "rank10": 90.46912114014252,
      "embedding_mean": 0.1022462248802185
    },
    "gaussian_0.10": {
      "rank1": 65.46912114014252,
      "mAP": 46.21652656838296,
      "rank5": 84.41211401425178,
      "rank10": 89.84560570071258,
      "embedding_mean": 0.17513218522071838
    },
    "brightness_0.5": {
      "rank1": 59.35273159144893,
      "mAP": 42.16756718855139,
      "rank5": 81.02731591448931,
      "rank10": 86.57957244655582,
      "embedding_mean": 0.27180761098861694
    },
    "brightness_1.5": {
      "rank1": 64.07363420427554,
      "mAP": 45.471814079173235,
      "rank5": 83.66983372921615,
      "rank10": 88.47980997624703,
      "embedding_mean": 0.202506422996521
    },
    "occlusion_0.2": {
      "rank1": 53.32541567695962,
      "mAP": 37.98846046957473,
      "rank5": 74.25771971496437,
      "rank10": 81.53206650831353,
      "embedding_mean": 0.35520419478416443
    },
    "contrast_0.8": {
      "rank1": 65.97387173396675,
      "mAP": 46.83903642610223,
      "rank5": 85.71852731591449,
      "rank10": 90.20190023752969,
      "embedding_mean": 0.117682546377182
    },
    "contrast_1.2": {
      "rank1": 67.04275534441805,
      "mAP": 47.78798739897029,
      "rank5": 86.16389548693587,
      "rank10": 90.94418052256532,
      "embedding_mean": 0.09476608783006668
    },
    "blur_3": {
      "rank1": 67.54750593824228,
      "mAP": 47.773265065089554,
      "rank5": 86.1935866983373,
      "rank10": 90.7957244655582,
      "embedding_mean": 0.08047507703304291
    }
  },
  "__summary__": {
    "B0": {
      "clean_rank1": 65.64726840855107,
      "clean_mAP": 46.47335301872286,
      "avg_shift_rank1": 43.0188539192399,
      "avg_shift_mAP": 30.36738706394371,
      "worst_shift_rank1": 4.453681710213777,
      "worst_shift_mAP": 4.9852630667845785,
      "drop_rank1_worst": 61.19358669833729,
      "drop_mAP_worst": 41.488089951938285
    },
    "VAT": {
      "clean_rank1": 71.16983372921615,
      "clean_mAP": 50.516965907898395,
      "avg_shift_rank1": 65.7957244655582,
      "avg_shift_mAP": 46.5415454928267,
      "worst_shift_rank1": 57.51187648456057,
      "worst_shift_mAP": 40.39275218853223,
      "drop_rank1_worst": 13.657957244655584,
      "drop_mAP_worst": 10.124213719366168
    },
    "E1": {
      "clean_rank1": 67.8147268408551,
      "clean_mAP": 48.36421329722034,
      "avg_shift_rank1": 63.739608076009496,
      "avg_shift_mAP": 45.235213207681916,
      "worst_shift_rank1": 53.32541567695962,
      "worst_shift_mAP": 37.98846046957473,
      "drop_rank1_worst": 14.48931116389548,
      "drop_mAP_worst": 10.375752827645606
    }
  },
  "seed": 42,
  "deterministic": false
}