{
  "runs": {
    "B0": {
      "embedding_drift": {
        "0.0": 0.0,
        "0.05": 0.378864,
        "0.1": 0.692207,
        "0.15": 0.853826,
        "0.2": 0.928911
      },
      "embedding_mean": {
        "0.0": 0.0,
        "0.05": 0.378864,
        "0.1": 0.692207,
        "0.15": 0.853826,
        "0.2": 0.928911
      }
    },
    "VAT": {
      "embedding_drift": {
        "0.0": 0.0,
        "0.05": 0.532675,
        "0.1": 0.69857,
        "0.15": 0.87122,
        "0.2": 0.984122
      },
      "embedding_mean": {
        "0.0": 0.0,
        "0.05": 0.532675,
        "0.1": 0.69857,
        "0.15": 0.87122,
        "0.2": 0.984122
      }
    },
    "E1": {
      "embedding_drift": {
        "0.0": 0.0,
        "0.05": 0.149448,
        "0.1": 0.384883,
        "0.15": 0.698407,
        "0.2": 0.934745
      },
      "embedding_mean": {
        "0.0": 0.0,
        "0.05": 0.149448,
        "0.1": 0.384883,
        "0.15": 0.698407,
        "0.2": 0.934745
      }
    }
  },
  "noise_sigmas": [
    0.0,
    0.05,
    0.1,
    0.15,
    0.2
  ]
}