{
  "runs": {
    "B0": {
      "embedding_drift": {
        "0.0": 0.0,
        "0.05": 0.149504,
        "0.1": 0.374541,
        "0.15": 0.59291,
        "0.2": 0.761578
      },
      "embedding_mean": {
        "0.0": 0.0,
        "0.05": 0.149504,
        "0.1": 0.374541,
        "0.15": 0.59291,
        "0.2": 0.761578
      }
    },
    "VAT": {
      "embedding_drift": {
        "0.0": 0.0,
        "0.05": 0.121168,
        "0.1": 0.303974,
        "0.15": 0.509623,
        "0.2": 0.679524
      },
      "embedding_mean": {
        "0.0": 0.0,
        "0.05": 0.121168,
        "0.1": 0.303974,
        "0.15": 0.509623,
        "0.2": 0.679524
      }
    },
    "E1": {
      "embedding_drift": {
        "0.0": 0.0,
        "0.05": 0.010239,
        "0.1": 0.020996,
        "0.15": 0.030699,
        "0.2": 0.039971
      },
      "embedding_mean": {
        "0.0": 0.0,
        "0.05": 0.010239,
        "0.1": 0.020996,
        "0.15": 0.030699,
        "0.2": 0.039971
      }
    }
  },
  "noise_sigmas": [
    0.0,
    0.05,
    0.1,
    0.15,
    0.2
  ],
  "dataset": "PROTEINS"
}