{
  "clean": 79.46428571428571,
  "sigma_0.05": 80.71428571428571,
  "sigma_0.05_std": 1.5567496226930961,
  "sigma_0.10": 77.85714285714286,
  "sigma_0.10_std": 1.428571428571427,
  "sigma_0.15": 78.57142857142858,
  "sigma_0.15_std": 1.6940773179473487,
  "sigma_0.20": 75.17857142857143,
  "sigma_0.20_std": 1.4285714285714324,
  "sigma_0.25": 74.64285714285714,
  "sigma_0.25_std": 2.9124118625535904,
  "sigma_0.30": 73.21428571428571,
  "sigma_0.30_std": 1.7857142857142834,
  "sigma_0.40": 66.96428571428571,
  "sigma_0.40_std": 0.9780759955449402,
  "consistency_pct": 81.25,
  "consistency_mean_acc": 79.19642857142857,
  "edge_drop_0.0": 79.46428571428571,
  "edge_drop_0.10": 78.75,
  "edge_drop_0.10_std": 1.5361295119718954,
  "edge_drop_0.20": 77.5,
  "edge_drop_0.20_std": 1.428571428571427,
  "edge_drop_0.30": 76.42857142857142,
  "edge_drop_0.30_std": 0.9105391988558564,
  "edge_drop_0.40": 72.85714285714285,
  "edge_drop_0.40_std": 1.838505382319109,
  "edge_drop_0.50": 63.75,
  "edge_drop_0.50_std": 3.1237242293814096,
  "edge_add_0.0": 79.46428571428571,
  "edge_add_0.10": 80.53571428571429,
  "edge_add_0.10_std": 0.35714285714285554,
  "edge_add_0.20": 80.17857142857143,
  "edge_add_0.20_std": 0.6681531047810639,
  "edge_add_0.30": 80.35714285714286,
  "edge_add_0.30_std": 0.564692439315784,
  "feature_drop_0.0": 79.46428571428571,
  "feature_drop_0.10": 77.5,
  "feature_drop_0.10_std": 1.0412414097938034,
  "feature_drop_0.20": 76.07142857142858,
  "feature_drop_0.20_std": 1.5361295119718965,
  "feature_drop_0.30": 71.60714285714286,
  "feature_drop_0.30_std": 3.164293776190957,
  "combined_s0.10_e10": 77.32142857142858,
  "combined_s0.10_e10_std": 2.4999999999999982,
  "combined_s0.15_e20": 73.39285714285714,
  "combined_s0.15_e20_std": 1.0412414097938054,
  "noise_fd_s0.10_f20": 76.78571428571429,
  "noise_fd_s0.10_f20_std": 2.1128856368212925,
  "noise_fd_s0.15_f30": 64.64285714285714,
  "noise_fd_s0.15_f30_std": 4.57366016959489,
  "auc_noise": 78.61607142857143,
  "worst_case_acc": 63.75
}