{
  "clean": 77.67857142857143,
  "sigma_0.05": 76.42857142857142,
  "sigma_0.05_std": 1.656003302767089,
  "sigma_0.10": 73.75,
  "sigma_0.10_std": 1.0714285714285732,
  "sigma_0.15": 61.78571428571429,
  "sigma_0.15_std": 2.9558830995083656,
  "sigma_0.20": 44.82142857142857,
  "sigma_0.20_std": 2.0671137326411118,
  "sigma_0.25": 36.785714285714285,
  "sigma_0.25_std": 4.164965639175212,
  "sigma_0.30": 32.67857142857143,
  "sigma_0.30_std": 1.8385053823191064,
  "sigma_0.40": 31.607142857142854,
  "sigma_0.40_std": 1.838505382319107,
  "consistency_pct": 66.07142857142857,
  "consistency_mean_acc": 73.03571428571429,
  "edge_drop_0.0": 77.67857142857143,
  "edge_drop_0.10": 74.82142857142858,
  "edge_drop_0.10_std": 2.487212192354306,
  "edge_drop_0.20": 71.25,
  "edge_drop_0.20_std": 1.9066211164341644,
  "edge_drop_0.30": 60.17857142857143,
  "edge_drop_0.30_std": 3.97697454487859,
  "edge_drop_0.40": 46.25,
  "edge_drop_0.40_std": 4.0089186286863665,
  "edge_drop_0.50": 39.82142857142857,
  "edge_drop_0.50_std": 2.369017707396713,
  "edge_add_0.0": 77.67857142857143,
  "edge_add_0.10": 79.82142857142858,
  "edge_add_0.10_std": 1.8385053823191095,
  "edge_add_0.20": 78.75,
  "edge_add_0.20_std": 1.536129511971899,
  "edge_add_0.30": 78.39285714285714,
  "edge_add_0.30_std": 0.6681531047810579,
  "feature_drop_0.0": 77.67857142857143,
  "feature_drop_0.10": 50.892857142857146,
  "feature_drop_0.10_std": 1.872872943160986,
  "feature_drop_0.20": 34.82142857142857,
  "feature_drop_0.20_std": 0.7985957062499244,
  "feature_drop_0.30": 33.03571428571429,
  "feature_drop_0.30_std": 1.6940773179473447,
  "combined_s0.10_e10": 65.17857142857143,
  "combined_s0.10_e10_std": 3.144074439581969,
  "combined_s0.15_e20": 40.17857142857143,
  "combined_s0.15_e20_std": 2.395787118749776,
  "noise_fd_s0.10_f20": 35.17857142857143,
  "noise_fd_s0.10_f20_std": 2.1576867809990303,
  "noise_fd_s0.15_f30": 32.67857142857143,
  "noise_fd_s0.15_f30_std": 0.7142857142857135,
  "auc_noise": 68.30357142857143,
  "worst_case_acc": 31.607142857142854
}