{
  "clean": 75.0,
  "sigma_0.05": 72.5,
  "sigma_0.05_std": 1.5361295119718954,
  "sigma_0.10": 66.78571428571428,
  "sigma_0.10_std": 1.9884872724392924,
  "sigma_0.15": 51.96428571428571,
  "sigma_0.15_std": 2.6122747925585346,
  "sigma_0.20": 38.92857142857143,
  "sigma_0.20_std": 2.912411862553586,
  "sigma_0.25": 34.107142857142854,
  "sigma_0.25_std": 2.7316175965675633,
  "sigma_0.30": 32.142857142857146,
  "sigma_0.30_std": 0.9780759955449402,
  "sigma_0.40": 31.607142857142854,
  "sigma_0.40_std": 0.4374088826398547,
  "consistency_pct": 58.92857142857143,
  "consistency_mean_acc": 68.39285714285714,
  "edge_drop_0.0": 75.0,
  "edge_drop_0.10": 69.82142857142857,
  "edge_drop_0.10_std": 3.4069257193462352,
  "edge_drop_0.20": 63.21428571428571,
  "edge_drop_0.20_std": 1.8210783977117087,
  "edge_drop_0.30": 53.75,
  "edge_drop_0.30_std": 4.496313682862203,
  "edge_drop_0.40": 42.857142857142854,
  "edge_drop_0.40_std": 1.8728729431609858,
  "edge_drop_0.50": 36.964285714285715,
  "edge_drop_0.50_std": 0.7142857142857143,
  "edge_add_0.0": 75.0,
  "edge_add_0.10": 76.96428571428571,
  "edge_add_0.10_std": 1.3122266479195603,
  "edge_add_0.20": 75.71428571428571,
  "edge_add_0.20_std": 1.731314234791547,
  "edge_add_0.30": 71.07142857142856,
  "edge_add_0.30_std": 2.912411862553588,
  "feature_drop_0.0": 75.0,
  "feature_drop_0.10": 41.25,
  "feature_drop_0.10_std": 1.7313142347915438,
  "feature_drop_0.20": 31.607142857142854,
  "feature_drop_0.20_std": 0.7142857142857137,
  "feature_drop_0.30": 31.964285714285715,
  "feature_drop_0.30_std": 0.35714285714285837,
  "combined_s0.10_e10": 57.5,
  "combined_s0.10_e10_std": 1.7496355305594153,
  "combined_s0.15_e20": 36.78571428571428,
  "combined_s0.15_e20_std": 2.789374884252378,
  "noise_fd_s0.10_f20": 31.25,
  "noise_fd_s0.10_f20_std": 1.2626906806902631,
  "noise_fd_s0.15_f30": 31.964285714285715,
  "noise_fd_s0.15_f30_std": 0.6681531047810609,
  "auc_noise": 62.05357142857143,
  "worst_case_acc": 31.607142857142854
}