{
  "eps_pixel": [
    0.00392156862745098,
    0.00784313725490196,
    0.01568627450980392
  ],
  "runs": {
    "E1": {
      "clean": 70.7,
      "fgsm_0.0039": 45.63,
      "fgsm_0.0078": 26.63,
      "fgsm_0.0157": 10.28
    },
    "E1_no_pmh": {
      "clean": 81.32,
      "fgsm_0.0039": 61.76,
      "fgsm_0.0078": 54.7,
      "fgsm_0.0157": 50.97
    }
  }
}