{
  "B0": {
    "rank1": 65.64726840855107,
    "mAP": 46.47335301872286,
    "rank5": 86.16389548693587,
    "rank10": 90.76603325415677
  },
  "VAT": {
    "rank1": 71.16983372921615,
    "mAP": 50.516965907898395,
    "rank5": 89.01425178147268,
    "rank10": 92.75534441805226
  },
  "E1": {
    "rank1": 67.8147268408551,
    "mAP": 48.36421329722034,
    "rank5": 86.69833729216153,
    "rank10": 91.12232779097387
  },
  "seed": 42,
  "deterministic": false
}