{
  "num_targets": 19,
  "noise_levels": [
    0.0,
    0.005,
    0.01,
    0.02,
    0.05,
    0.1,
    0.2
  ],
  "node_noise_eval": 0.1,
  "B0": {
    "0.0": {
      "mae": 61.89781951904297,
      "mae_avg": 61.8978180469651,
      "rmse": 172.9281768798828,
      "emb_drift": 1.1596324443817139,
      "mae_per_target": [
        0.7215072512626648,
        1.9886630773544312,
        0.26357612013816833,
        0.43275776505470276,
        0.44614529609680176,
        68.27301788330078,
        0.13852368295192719,
        264.4979248046875,
        264.5438232421875,
        264.45465087890625,
        264.4166259765625,
        0.9985399842262268,
        1.8142300844192505,
        1.823189377784729,
        1.837613821029663,
        1.678561806678772,
        37.42349624633789,
        0.184935063123703,
        0.12076053023338318
      ]
    },
    "0.005": {
      "mae": 61.653587341308594,
      "mae_avg": 61.65358691976259,
      "rmse": 172.3946075439453,
      "emb_drift": 1.1606119871139526,
      "mae_per_target": [
        0.7185152769088745,
        1.9671247005462646,
        0.25875324010849,
        0.43507319688796997,
        0.4464086592197418,
        67.72235870361328,
        0.13834244012832642,
        263.5489196777344,
        263.6344909667969,
        263.5375061035156,
        263.4792785644531,
        0.981415331363678,
        1.7986791133880615,
        1.8080806732177734,
        1.8219246864318848,
        1.6640636920928955,
        37.149879455566406,
        0.1860818862915039,
        0.12125510722398758
      ]
    },
    "0.01": {
      "mae": 60.986610412597656,
      "mae_avg": 60.98660549599873,
      "rmse": 169.39903259277344,
      "emb_drift": 1.162768840789795,
      "mae_per_target": [
        0.7164709568023682,
        1.9793976545333862,
        0.2597847282886505,
        0.437804639339447,
        0.44329649209976196,
        67.2308578491211,
        0.1389058232307434,
        260.48504638671875,
        260.5415954589844,
        260.4866638183594,
        260.42999267578125,
        0.9894495606422424,
        1.8122565746307373,
        1.8215837478637695,
        1.8357954025268555,
        1.6758824586868286,
        37.152828216552734,
        0.18724936246871948,
        0.12064261734485626
      ]
    },
    "0.02": {
      "mae": 62.24694061279297,
      "mae_avg": 62.246934569195695,
      "rmse": 173.8117218017578,
      "emb_drift": 1.1582602262496948,
      "mae_per_target": [
        0.7203934788703918,
        1.9781110286712646,
        0.262192040681839,
        0.4327772557735443,
        0.43992456793785095,
        67.6009521484375,
        0.13752906024456024,
        266.4555969238281,
        266.54547119140625,
        266.4717712402344,
        266.3817138671875,
        0.9882791042327881,
        1.7954434156417847,
        1.8047784566879272,
        1.8188166618347168,
        1.6616369485855103,
        36.889976501464844,
        0.1862015426158905,
        0.12019138038158417
      ]
    },
    "0.05": {
      "mae": 61.61085510253906,
      "mae_avg": 61.61085285834576,
      "rmse": 172.50064086914062,
      "emb_drift": 1.158840298652649,
      "mae_per_target": [
        0.7203947901725769,
        1.9893561601638794,
        0.25713425874710083,
        0.4333295226097107,
        0.4438050389289856,
        67.9659423828125,
        0.1372738927602768,
        263.2543640136719,
        263.32342529296875,
        263.23333740234375,
        263.1593933105469,
        0.9859081506729126,
        1.8147554397583008,
        1.824486494064331,
        1.8383948802947998,
        1.680342674255371,
        37.236907958984375,
        0.18740561604499817,
        0.12024702876806259
      ]
    },
    "0.1": {
      "mae": 65.23223876953125,
      "mae_avg": 65.23224088471187,
      "rmse": 183.77694702148438,
      "emb_drift": 1.1765429973602295,
      "mae_per_target": [
        0.7226153612136841,
        2.0889315605163574,
        0.26278048753738403,
        0.4314887225627899,
        0.4412829577922821,
        70.92327117919922,
        0.14321483671665192,
        279.6082458496094,
        279.6882629394531,
        279.6122131347656,
        279.568603515625,
        1.0427327156066895,
        1.9236575365066528,
        1.9333231449127197,
        1.948333501815796,
        1.779964566230774,
        36.98110580444336,
        0.18879355490207672,
        0.12375544011592865
      ]
    },
    "0.2": {
      "mae": 72.90457153320312,
      "mae_avg": 72.90456514844769,
      "rmse": 211.51712036132812,
      "emb_drift": 1.2409809827804565,
      "mae_per_target": [
        0.7336915135383606,
        2.354271173477173,
        0.2665635943412781,
        0.445514440536499,
        0.4573081433773041,
        78.67451477050781,
        0.15812303125858307,
        313.67071533203125,
        313.7531433105469,
        313.7259521484375,
        313.62481689453125,
        1.1646850109100342,
        2.176448106765747,
        2.187488317489624,
        2.2043533325195312,
        2.013383388519287,
        37.24164581298828,
        0.20067137479782104,
        0.13344812393188477
      ]
    }
  },
  "E1": {
    "0.0": {
      "mae": 45.343650817871094,
      "mae_avg": 45.343648723081536,
      "rmse": 125.73185729980469,
      "emb_drift": 0.6754062175750732,
      "mae_per_target": [
        0.6518272757530212,
        1.5094255208969116,
        0.20904141664505005,
        0.3071603775024414,
        0.35406872630119324,
        53.45170593261719,
        0.08627796918153763,
        192.0648956298828,
        192.05303955078125,
        191.97412109375,
        192.03993225097656,
        0.7204699516296387,
        1.1519874334335327,
        1.1584852933883667,
        1.165191411972046,
        1.0825104713439941,
        31.324581146240234,
        0.14089655876159668,
        0.08370772749185562
      ]
    },
    "0.005": {
      "mae": 44.96023941040039,
      "mae_avg": 44.960243042362364,
      "rmse": 124.82087707519531,
      "emb_drift": 0.6756799221038818,
      "mae_per_target": [
        0.6483132839202881,
        1.4986412525177002,
        0.2071852833032608,
        0.309013307094574,
        0.35568472743034363,
        53.31212615966797,
        0.08613063395023346,
        190.3441619873047,
        190.33885192871094,
        190.23873901367188,
        190.3155975341797,
        0.7108234763145447,
        1.1365342140197754,
        1.143347144126892,
        1.1499404907226562,
        1.0676075220108032,
        31.157806396484375,
        0.14086470007896423,
        0.08324874937534332
      ]
    },
    "0.01": {
      "mae": 44.895965576171875,
      "mae_avg": 44.89596076231254,
      "rmse": 123.43342590332031,
      "emb_drift": 0.6741525530815125,
      "mae_per_target": [
        0.647144615650177,
        1.5126534700393677,
        0.20691245794296265,
        0.3065555691719055,
        0.3538244664669037,
        53.214969635009766,
        0.0852702185511589,
        190.05929565429688,
        190.06134033203125,
        189.97085571289062,
        190.02195739746094,
        0.7161207795143127,
        1.1432639360427856,
        1.1497321128845215,
        1.1564381122589111,
        1.0734562873840332,
        31.119443893432617,
        0.14094990491867065,
        0.08306992799043655
      ]
    },
    "0.02": {
      "mae": 45.718109130859375,
      "mae_avg": 45.718106744712905,
      "rmse": 126.1413345336914,
      "emb_drift": 0.6765943765640259,