{
  "runs": {
    "baseline": {
      "embedding_drift": {
        "clean": 0.0,
        "occ_0.1": 0.106701,
        "occ_0.2": 0.185295,
        "occ_0.3": 0.279254,
        "gauss_0.05": 0.021259,
        "gauss_0.1": 0.044181
      },
      "embedding_mean": {
        "clean": 0.0,
        "occ_0.1": 0.106701,
        "occ_0.2": 0.185295,
        "occ_0.3": 0.279254,
        "gauss_0.05": 0.021259,
        "gauss_0.1": 0.044181
      }
    },
    "VAT": {
      "embedding_drift": {
        "clean": 0.0,
        "occ_0.1": 0.215964,
        "occ_0.2": 0.351304,
        "occ_0.3": 0.474453,
        "gauss_0.05": 0.010109,
        "gauss_0.1": 0.022562
      },
      "embedding_mean": {
        "clean": 0.0,
        "occ_0.1": 0.215964,
        "occ_0.2": 0.351304,
        "occ_0.3": 0.474453,
        "gauss_0.05": 0.010109,
        "gauss_0.1": 0.022562
      }
    },
    "E1": {
      "embedding_drift": {
        "clean": 0.0,
        "occ_0.1": 0.029148,
        "occ_0.2": 0.046812,
        "occ_0.3": 0.059613,
        "gauss_0.05": 0.004164,
        "gauss_0.1": 0.008506
      },
      "embedding_mean": {
        "clean": 0.0,
        "occ_0.1": 0.029148,
        "occ_0.2": 0.046812,
        "occ_0.3": 0.059613,
        "gauss_0.05": 0.004164,
        "gauss_0.1": 0.008506
      }
    }
  },
  "perturbations": [
    "clean",
    "occ_0.1",
    "occ_0.2",
    "occ_0.3",
    "gauss_0.05",
    "gauss_0.1"
  ]
}