{
  "baseline": {
    "clean": {
      "mke": 0.07064253836870193,
      "pck@0.05": 0.42457595467567444,
      "pck@0.1": 0.7861891984939575
    },
    "occ_0_10": {
      "mke": 0.0680340975522995,
      "pck@0.05": 0.438673198223114,
      "pck@0.1": 0.8009800314903259
    },
    "occ_0_20": {
      "mke": 0.06592129170894623,
      "pck@0.05": 0.4505842328071594,
      "pck@0.1": 0.8139615654945374
    },
    "occ_0_30": {
      "mke": 0.06591345369815826,
      "pck@0.05": 0.44556352496147156,
      "pck@0.1": 0.815243124961853
    },
    "occ_0_40": {
      "mke": 0.07034860551357269,
      "pck@0.05": 0.4128156900405884,
      "pck@0.1": 0.7828420400619507
    }
  },
  "VAT": {
    "clean": {
      "mke": 0.1883634626865387,
      "pck@0.05": 0.11900489777326584,
      "pck@0.1": 0.34760648012161255
    },
    "occ_0_10": {
      "mke": 0.220933735370636,
      "pck@0.05": 0.09886166453361511,
      "pck@0.1": 0.28924235701560974
    },
    "occ_0_20": {
      "mke": 0.27057337760925293,
      "pck@0.05": 0.06834527105093002,
      "pck@0.1": 0.21148888766765594
    },
    "occ_0_30": {
      "mke": 0.32909321784973145,
      "pck@0.05": 0.04256313666701317,
      "pck@0.1": 0.13488127291202545
    },
    "occ_0_40": {
      "mke": 0.38334372639656067,
      "pck@0.05": 0.02341500110924244,
      "pck@0.1": 0.0796079933643341
    }
  },
  "E1": {
    "clean": {
      "mke": 0.07130268216133118,
      "pck@0.05": 0.39692422747612,
      "pck@0.1": 0.7857369184494019
    },
    "occ_0_10": {
      "mke": 0.0730198547244072,
      "pck@0.05": 0.38321900367736816,
      "pck@0.1": 0.7720015048980713
    },
    "occ_0_20": {
      "mke": 0.07646837085485458,
      "pck@0.05": 0.36241236329078674,
      "pck@0.1": 0.7444854974746704
    },
    "occ_0_30": {
      "mke": 0.08171476423740387,
      "pck@0.05": 0.3309008777141571,
      "pck@0.1": 0.707817554473877
    },
    "occ_0_40": {
      "mke": 0.09028232842683792,
      "pck@0.05": 0.29055407643318176,
      "pck@0.1": 0.6501319408416748
    }
  }
}