{
  "B0": {
    "accuracy": 0.8589743589743589,
    "auc_macro": 0.9425432829278984
  },
  "VAT": {
    "accuracy": 0.8685897435897436,
    "auc_macro": 0.9588702607933377
  },
  "E1_no_pmh": {
    "accuracy": 0.9134615384615384,
    "auc_macro": 0.9689129958360728
  },
  "E1": {
    "accuracy": 0.9134615384615384,
    "auc_macro": 0.9689129958360728
  },
  "seed": 42,
  "deterministic": false
}