{
  "runs": [
    "B0",
    "VAT",
    "E1_no_pmh",
    "E1"
  ],
  "noise_sigmas": [
    0.0,
    0.05,
    0.1,
    0.15,
    0.2
  ],
  "tdi": {
    "B0": {
      "0.0": 1.09262,
      "0.05": 1.215485,
      "0.1": 1.583832,
      "0.15": 2.053119,
      "0.2": 2.467933
    },
    "VAT": {
      "0.0": 1.275742,
      "0.05": 1.317212,
      "0.1": 1.523553,
      "0.15": 1.790444,
      "0.2": 2.037472
    },
    "E1_no_pmh": {
      "0.0": 1.073913,
      "0.05": 1.138612,
      "0.1": 1.261522,
      "0.15": 1.413914,
      "0.2": 1.646439
    },
    "E1": {
      "0.0": 0.903683,
      "0.05": 0.945795,
      "0.1": 1.049699,
      "0.15": 1.150173,
      "0.2": 1.304569
    }
  },
  "intra_mean": {
    "B0": {
      "0.0": 14.928349,
      "0.05": 15.47767,
      "0.1": 16.321091,
      "0.15": 16.31123,
      "0.2": 15.703839
    },
    "VAT": {
      "0.0": 13.864237,
      "0.05": 13.598872,
      "0.1": 12.982382,
      "0.15": 11.988133,
      "0.2": 10.748412
    },
    "E1_no_pmh": {
      "0.0": 14.65896,
      "0.05": 14.832513,
      "0.1": 14.131683,
      "0.15": 13.312193,
      "0.2": 12.464788
    },
    "E1": {
      "0.0": 12.151997,
      "0.05": 12.425747,
      "0.1": 13.013646,
      "0.15": 13.465514,
      "0.2": 13.878456
    }
  },
  "accuracy": {
    "B0": {
      "0.0": 69.3,
      "0.05": 63.45,
      "0.1": 51.45,
      "0.15": 37.35,
      "0.2": 28.95
    },
    "VAT": {
      "0.0": 79.4,
      "0.05": 76.6,
      "0.1": 57.4,
      "0.15": 37.85,
      "0.2": 24.85
    },
    "E1_no_pmh": {
      "0.0": 79.75,
      "0.05": 77.75,
      "0.1": 74.7,
      "0.15": 67.1,
      "0.2": 52.85
    },
    "E1": {
      "0.0": 80.2,
      "0.05": 78.45,
      "0.1": 75.5,
      "0.15": 69.7,
      "0.2": 60.3
    }
  }
}